user1,lastName1,user1@mail.com,dGltZVBhc3M6OlBhc3NAMTIzJA==
user2,lastName2,user2@mail.com,dGltZVBhc3M6OlBhc3NAMTIzJA==
user3,lastName3,user3@mail.com,dGltZVBhc3M6OlBhc3NAMTIzJA==
user4,lastName4,user4@mail.com,dGltZVBhc3M6OlBhc3NAMTIzJA==
user5,lastName5,user5@mail.com,dGltZVBhc3M6OlBhc3NAMTIzJA==
user6,lastName6,user6@mail.com,dGltZVBhc3M6OlBhc3NAMTIzJA==
user7,lastName7,user7@mail.com,dGltZVBhc3M6OlBhc3NAMTIzJA==
user8,lastName8,user8@mail.com,dGltZVBhc3M6OlBhc3NAMTIzJA==
user9,lastName9,user9@mail.com,dGltZVBhc3M6OlBhc3NAMTIzJA==
user10,lastName10,user10@mail.com,dGltZVBhc3M6OlBhc3NAMTIzJA==
user11,lastName11,user11@mail.com,dGltZVBhc3M6OlBhc3NAMTIzJA==
user12,lastName12,user12@mail.com,dGltZVBhc3M6OlBhc3NAMTIzJA==
user13,lastName13,user13@mail.com,dGltZVBhc3M6OlBhc3NAMTIzJA==
user14,lastName14,user14@mail.com,dGltZVBhc3M6OlBhc3NAMTIzJA==
user15,lastName15,user15@mail.com,dGltZVBhc3M6OlBhc3NAMTIzJA==
user16,lastName16,user16@mail.com,dGltZVBhc3M6OlBhc3NAMTIzJA==
user17,lastName17,user17@mail.com,dGltZVBhc3M6OlBhc3NAMTIzJA==
user18,lastName18,user18@mail.com,dGltZVBhc3M6OlBhc3NAMTIzJA==
user19,lastName19,user19@mail.com,dGltZVBhc3M6OlBhc3NAMTIzJA==
user20,lastName20,user20@mail.com,dGltZVBhc3M6OlBhc3NAMTIzJA==
user21,lastName21,user21@mail.com,dGltZVBhc3M6OlBhc3NAMTIzJA==
user22,lastName22,user22@mail.com,dGltZVBhc3M6OlBhc3NAMTIzJA==
user23,lastName23,user23@mail.com,dGltZVBhc3M6OlBhc3NAMTIzJA==
user24,lastName24,user24@mail.com,dGltZVBhc3M6OlBhc3NAMTIzJA==
user25,lastName25,user25@mail.com,dGltZVBhc3M6OlBhc3NAMTIzJA==
user26,lastName26,user26@mail.com,dGltZVBhc3M6OlBhc3NAMTIzJA==
user27,lastName27,user27@mail.com,dGltZVBhc3M6OlBhc3NAMTIzJA==
user28,lastName28,user28@mail.com,dGltZVBhc3M6OlBhc3NAMTIzJA==
user29,lastName29,user29@mail.com,dGltZVBhc3M6OlBhc3NAMTIzJA==
user30,lastName30,user30@mail.com,dGltZVBhc3M6OlBhc3NAMTIzJA==
user31,lastName31,user31@mail.com,dGltZVBhc3M6OlBhc3NAMTIzJA==
user32,lastName32,user32@mail.com,dGltZVBhc3M6OlBhc3NAMTIzJA==
user33,lastName33,user33@mail.com,dGltZVBhc3M6OlBhc3NAMTIzJA==
user34,lastName34,user34@mail.com,dGltZVBhc3M6OlBhc3NAMTIzJA==
user35,lastName35,user35@mail.com,dGltZVBhc3M6OlBhc3NAMTIzJA==
user36,lastName36,user36@mail.com,dGltZVBhc3M6OlBhc3NAMTIzJA==
user37,lastName37,user37@mail.com,dGltZVBhc3M6OlBhc3NAMTIzJA==
user38,lastName38,user38@mail.com,dGltZVBhc3M6OlBhc3NAMTIzJA==
user39,lastName39,user39@mail.com,dGltZVBhc3M6OlBhc3NAMTIzJA==
user40,lastName40,user40@mail.com,dGltZVBhc3M6OlBhc3NAMTIzJA==
user41,lastName41,user41@mail.com,dGltZVBhc3M6OlBhc3NAMTIzJA==
user42,lastName42,user42@mail.com,dGltZVBhc3M6OlBhc3NAMTIzJA==
user43,lastName43,user43@mail.com,dGltZVBhc3M6OlBhc3NAMTIzJA==
user44,lastName44,user44@mail.com,dGltZVBhc3M6OlBhc3NAMTIzJA==
user45,lastName45,user45@mail.com,dGltZVBhc3M6OlBhc3NAMTIzJA==
user46,lastName46,user46@mail.com,dGltZVBhc3M6OlBhc3NAMTIzJA==
user47,lastName47,user47@mail.com,dGltZVBhc3M6OlBhc3NAMTIzJA==
user48,lastName48,user48@mail.com,dGltZVBhc3M6OlBhc3NAMTIzJA==
user49,lastName49,user49@mail.com,dGltZVBhc3M6OlBhc3NAMTIzJA==
user50,lastName50,user50@mail.com,dGltZVBhc3M6OlBhc3NAMTIzJA==