"single_article","ArticleInstanceId20000101"
"single_article","ArticleInstanceId20000102"
"single_article","ArticleInstanceId20000103"
"single_article","ArticleInstanceId20000104"
"single_article","ArticleInstanceId20000101"
"single_article","ArticleInstanceId20000102"
"single_article","ArticleInstanceId20000103"
"single_article","ArticleInstanceId20000104"
"single_article","ArticleInstanceId20000101"
"single_article","ArticleInstanceId20000102"
"single_article","ArticleInstanceId20000103"
"single_article","ArticleInstanceId20000104"
"single_article","ArticleInstanceId20000101"
"single_article","ArticleInstanceId20000102"
"single_article","ArticleInstanceId20000103"
"single_article","ArticleInstanceId20000104"
"single_article","ArticleInstanceId20000102"
"single_article","ArticleInstanceId20000103"
"single_article","ArticleInstanceId20000104"
"single_article","ArticleInstanceId20000101"
"single_article","ArticleInstanceId20000102"
"single_article","ArticleInstanceId20000103"
"single_article","ArticleInstanceId20000104"
"single_article","ArticleInstanceId20000101"
"single_article","ArticleInstanceId20000102"
"single_article","ArticleInstanceId20000103"
"single_article","ArticleInstanceId20000104"
"single_article","ArticleInstanceId20000101"
"single_article","ArticleInstanceId20000102"
"single_article","ArticleInstanceId20000103"
"single_article","ArticleInstanceId20000104"
"single_article","ArticleInstanceId20000101"
"single_article","ArticleInstanceId20000102"
"single_article","ArticleInstanceId20000103"
"single_article","ArticleInstanceId20000104"
"single_article","ArticleInstanceId20000101"
"single_article","ArticleInstanceId20000102"
"single_article","ArticleInstanceId20000103"
"single_article","ArticleInstanceId20000104"
"single_article","ArticleInstanceId20000102"
"single_article","ArticleInstanceId20000103"
"single_article","ArticleInstanceId20000104"
"single_article","ArticleInstanceId20000101"
"single_article","ArticleInstanceId20000102"
"single_article","ArticleInstanceId20000103"
"single_article","ArticleInstanceId20000104"
"single_article","ArticleInstanceId20000101"
"single_article","ArticleInstanceId20000102"
"single_article","ArticleInstanceId20000103"
"single_article","ArticleInstanceId20000104"
"single_article","ArticleInstanceId20000101"
"single_article","ArticleInstanceId20000102"
"single_article","ArticleInstanceId20000103"
"single_article","ArticleInstanceId20000104"
"single_article","ArticleInstanceId20000101"
"single_article","ArticleInstanceId20000102"
"single_article","ArticleInstanceId20000103"
"single_article","ArticleInstanceId20000104"
"single_article","ArticleInstanceId20000101"
"single_article","ArticleInstanceId20000102"
"single_article","ArticleInstanceId20000103"
"single_article","ArticleInstanceId20000104"
"single_article","ArticleInstanceId20000102"
"single_article","ArticleInstanceId20000103"
"single_article","ArticleInstanceId20000104"
"single_article","ArticleInstanceId20000101"
"single_article","ArticleInstanceId20000102"
"single_article","ArticleInstanceId20000103"
"single_article","ArticleInstanceId20000104"
"single_article","ArticleInstanceId20000101"
"single_article","ArticleInstanceId20000102"
"single_article","ArticleInstanceId20000103"
"single_article","ArticleInstanceId20000104"
"single_article","ArticleInstanceId20000101"
"single_article","ArticleInstanceId20000102"
"single_article","ArticleInstanceId20000103"
"single_article","ArticleInstanceId20000104"
"single_article","ArticleInstanceId20000101"
"single_article","ArticleInstanceId20000102"
"single_article","ArticleInstanceId20000103"
"single_article","ArticleInstanceId20000104"
"single_article","ArticleInstanceId20000101"
"single_article","ArticleInstanceId20000102"
"single_article","ArticleInstanceId20000103"
"single_article","ArticleInstanceId20000104"
"single_article","ArticleInstanceId20000102"
"single_article","ArticleInstanceId20000103"
"single_article","ArticleInstanceId20000104"
"single_article","ArticleInstanceId20000101"
"single_article","ArticleInstanceId20000102"
"single_article","ArticleInstanceId20000103"
"single_article","ArticleInstanceId20000104"
"single_article","ArticleInstanceId20000101"
"single_article","ArticleInstanceId20000102"
"single_article","ArticleInstanceId20000103"
"single_article","ArticleInstanceId20000104"
"single_article","ArticleInstanceId20000101"
"single_article","ArticleInstanceId20000102"
"single_article","ArticleInstanceId20000103"
"single_article","ArticleInstanceId20000104"
"single_article","ArticleInstanceId20000101"
"single_article","ArticleInstanceId20000102"
"single_article","ArticleInstanceId20000103"
"single_article","ArticleInstanceId20000104"
"single_article","ArticleInstanceId20000101"
"single_article","ArticleInstanceId20000102"
"single_article","ArticleInstanceId20000103"
"single_article","ArticleInstanceId20000104"
"single_article","ArticleInstanceId20000102"
"single_article","ArticleInstanceId20000103"
"single_article","ArticleInstanceId20000104"
"single_article","ArticleInstanceId20000101"
"single_article","ArticleInstanceId20000102"
"single_article","ArticleInstanceId20000103"
"single_article","ArticleInstanceId20000104"
"single_article","ArticleInstanceId20000101"
"single_article","ArticleInstanceId20000102"
"single_article","ArticleInstanceId20000103"
"single_article","ArticleInstanceId20000104"
"single_article","ArticleInstanceId20000101"
"single_article","ArticleInstanceId20000102"
"single_article","ArticleInstanceId20000103"
"single_article","ArticleInstanceId20000104"
"single_article","ArticleInstanceId20000101"
"single_article","ArticleInstanceId20000102"
"single_article","ArticleInstanceId20000103"
"single_article","ArticleInstanceId20000104"
"single_article","ArticleInstanceId20000101"
"single_article","ArticleInstanceId20000102"
"single_article","ArticleInstanceId20000103"
"single_article","ArticleInstanceId20000104"
"single_article","ArticleInstanceId20000102"
"single_article","ArticleInstanceId20000103"
"single_article","ArticleInstanceId20000104"
"single_article","ArticleInstanceId20000101"
"single_article","ArticleInstanceId20000102"
"single_article","ArticleInstanceId20000103"
"single_article","ArticleInstanceId20000104"
"single_article","ArticleInstanceId20000101"
"single_article","ArticleInstanceId20000102"
"single_article","ArticleInstanceId20000103"
"single_article","ArticleInstanceId20000104"
"single_article","ArticleInstanceId20000101"
"single_article","ArticleInstanceId20000102"
"single_article","ArticleInstanceId20000103"
"single_article","ArticleInstanceId20000104"
"single_article","ArticleInstanceId20000101"
"single_article","ArticleInstanceId20000102"
"single_article","ArticleInstanceId20000103"
"single_article","ArticleInstanceId20000104"
"single_article","ArticleInstanceId20000101"
"single_article","ArticleInstanceId20000102"
"single_article","ArticleInstanceId20000103"
"single_article","ArticleInstanceId20000104"
"single_article","ArticleInstanceId20000102"
"single_article","ArticleInstanceId20000103"
"single_article","ArticleInstanceId20000104"
"single_article","ArticleInstanceId20000101"
"single_article","ArticleInstanceId20000102"
"single_article","ArticleInstanceId20000103"
"single_article","ArticleInstanceId20000104"
"single_article","ArticleInstanceId20000101"
"single_article","ArticleInstanceId20000102"
"single_article","ArticleInstanceId20000103"
"single_article","ArticleInstanceId20000104"
"single_article","ArticleInstanceId20000101"
"single_article","ArticleInstanceId20000102"
"single_article","ArticleInstanceId20000103"
"single_article","ArticleInstanceId20000104"
"single_article","ArticleInstanceId20000101"
"single_article","ArticleInstanceId20000102"
"single_article","ArticleInstanceId20000103"
"single_article","ArticleInstanceId20000104"
"single_article","ArticleInstanceId20000101"
"single_article","ArticleInstanceId20000102"
"single_article","ArticleInstanceId20000103"
"single_article","ArticleInstanceId20000104"
"single_article","ArticleInstanceId20000102"
"single_article","ArticleInstanceId20000103"
"single_article","ArticleInstanceId20000104"
"single_article","ArticleInstanceId20000101"
"single_article","ArticleInstanceId20000102"
"single_article","ArticleInstanceId20000103"
"single_article","ArticleInstanceId20000104"
"single_article","ArticleInstanceId20000101"
"single_article","ArticleInstanceId20000102"
"single_article","ArticleInstanceId20000103"
"single_article","ArticleInstanceId20000104"
"single_article","ArticleInstanceId20000101"
"single_article","ArticleInstanceId20000102"
"single_article","ArticleInstanceId20000103"
"single_article","ArticleInstanceId20000104"
"single_article","ArticleInstanceId20000101"
"single_article","ArticleInstanceId20000102"
"single_article","ArticleInstanceId20000103"
"single_article","ArticleInstanceId20000104"
"single_article","ArticleInstanceId20000101"
"single_article","ArticleInstanceId20000102"
"single_article","ArticleInstanceId20000103"
"single_article","ArticleInstanceId20000104"
"single_article","ArticleInstanceId20000102"
"single_article","ArticleInstanceId20000103"
"single_article","ArticleInstanceId20000104"
"single_article","ArticleInstanceId20000101"
"single_article","ArticleInstanceId20000102"
"single_article","ArticleInstanceId20000103"
"single_article","ArticleInstanceId20000104"
"single_article","ArticleInstanceId20000101"
"single_article","ArticleInstanceId20000102"
"single_article","ArticleInstanceId20000103"
"single_article","ArticleInstanceId20000104"
"single_article","ArticleInstanceId20000101"
"single_article","ArticleInstanceId20000102"
"single_article","ArticleInstanceId20000103"
"single_article","ArticleInstanceId20000104"
"single_article","ArticleInstanceId20000101"
"single_article","ArticleInstanceId20000102"
"single_article","ArticleInstanceId20000103"
"single_article","ArticleInstanceId20000104"
"single_article","ArticleInstanceId20000101"
"single_article","ArticleInstanceId20000102"
"single_article","ArticleInstanceId20000103"
"single_article","ArticleInstanceId20000104"
"single_article","ArticleInstanceId20000102"
"single_article","ArticleInstanceId20000103"
"single_article","ArticleInstanceId20000104"
"single_article","ArticleInstanceId20000101"
"single_article","ArticleInstanceId20000102"
"single_article","ArticleInstanceId20000103"
"single_article","ArticleInstanceId20000104"
"single_article","ArticleInstanceId20000102"
"single_article","ArticleInstanceId20000103"
"single_article","ArticleInstanceId20000104"
"single_article","ArticleInstanceId20000101"
"single_article","ArticleInstanceId20000102"
"single_article","ArticleInstanceId20000103"
"single_article","ArticleInstanceId20000104"
"single_article","ArticleInstanceId20000101"
"single_article","ArticleInstanceId20000102"
"single_article","ArticleInstanceId20000103"
"single_article","ArticleInstanceId20000104"
"single_article","ArticleInstanceId20000101"
"single_article","ArticleInstanceId20000102"
"single_article","ArticleInstanceId20000103"
"single_article","ArticleInstanceId20000104"
"single_article","ArticleInstanceId20000102"
"single_article","ArticleInstanceId20000103"
"single_article","ArticleInstanceId20000104"
"single_article","ArticleInstanceId20000101"
"single_article","ArticleInstanceId20000102"
"single_article","ArticleInstanceId20000103"
"single_article","ArticleInstanceId20000104"
"single_article","ArticleInstanceId20000101"
"single_article","ArticleInstanceId20000102"
"single_article","ArticleInstanceId20000103"
"single_article","ArticleInstanceId20000104"
"single_article","ArticleInstanceId20000101"
"single_article","ArticleInstanceId20000102"
"single_article","ArticleInstanceId20000103"
"single_article","ArticleInstanceId20000104"
"single_article","ArticleInstanceId20000101"
"single_article","ArticleInstanceId20000102"
"single_article","ArticleInstanceId20000103"
"single_article","ArticleInstanceId20000104"
"single_article","ArticleInstanceId20000101"
"single_article","ArticleInstanceId20000102"
"single_article","ArticleInstanceId20000103"
"single_article","ArticleInstanceId20000104"
"single_article","ArticleInstanceId20000102"
"single_article","ArticleInstanceId20000103"
"single_article","ArticleInstanceId20000104"
"single_article","ArticleInstanceId20000101"
"single_article","ArticleInstanceId20000102"
"single_article","ArticleInstanceId20000103"
"single_article","ArticleInstanceId20000104"
"single_article","ArticleInstanceId20000101"
"single_article","ArticleInstanceId20000102"
"single_article","ArticleInstanceId20000103"
"single_article","ArticleInstanceId20000104"
"single_article","ArticleInstanceId20000101"
"single_article","ArticleInstanceId20000102"
"single_article","ArticleInstanceId20000103"
"single_article","ArticleInstanceId20000104"
"single_article","ArticleInstanceId20000101"
"single_article","ArticleInstanceId20000102"
"single_article","ArticleInstanceId20000103"
"single_article","ArticleInstanceId20000104"
"single_article","ArticleInstanceId20000101"
"single_article","ArticleInstanceId20000102"
"single_article","ArticleInstanceId20000103"
"single_article","ArticleInstanceId20000104"
"single_article","ArticleInstanceId20000102"
"single_article","ArticleInstanceId20000103"
"single_article","ArticleInstanceId20000104"
"single_article","ArticleInstanceId20000101"
"single_article","ArticleInstanceId20000102"
"single_article","ArticleInstanceId20000103"
"single_article","ArticleInstanceId20000104"
"single_article","ArticleInstanceId20000101"
"single_article","ArticleInstanceId20000102"
"single_article","ArticleInstanceId20000103"
"single_article","ArticleInstanceId20000104"
"single_article","ArticleInstanceId20000101"
"single_article","ArticleInstanceId20000102"
"single_article","ArticleInstanceId20000103"
"single_article","ArticleInstanceId20000104"
"single_article","ArticleInstanceId20000101"
"single_article","ArticleInstanceId20000102"
"single_article","ArticleInstanceId20000103"
"single_article","ArticleInstanceId20000104"
"single_article","ArticleInstanceId20000101"
"single_article","ArticleInstanceId20000102"
"single_article","ArticleInstanceId20000103"
"single_article","ArticleInstanceId20000104"
"single_article","ArticleInstanceId20000102"
"single_article","ArticleInstanceId20000103"
"single_article","ArticleInstanceId20000104"
"single_article","ArticleInstanceId20000101"
"single_article","ArticleInstanceId20000102"
"single_article","ArticleInstanceId20000103"
"single_article","ArticleInstanceId20000104"
"single_article","ArticleInstanceId20000101"
"single_article","ArticleInstanceId20000102"
"single_article","ArticleInstanceId20000103"
"single_article","ArticleInstanceId20000104"
"single_article","ArticleInstanceId20000101"
"single_article","ArticleInstanceId20000102"
"single_article","ArticleInstanceId20000103"
"single_article","ArticleInstanceId20000104"
"single_article","ArticleInstanceId20000101"
"single_article","ArticleInstanceId20000102"
"single_article","ArticleInstanceId20000103"
"single_article","ArticleInstanceId20000104"
"single_article","ArticleInstanceId20000101"
"single_article","ArticleInstanceId20000102"
"single_article","ArticleInstanceId20000103"
"single_article","ArticleInstanceId20000104"
"single_article","ArticleInstanceId20000102"
"single_article","ArticleInstanceId20000103"
"single_article","ArticleInstanceId20000104"
"single_article","ArticleInstanceId20000101"
"single_article","ArticleInstanceId20000102"
"single_article","ArticleInstanceId20000103"
"single_article","ArticleInstanceId20000104"
"single_article","ArticleInstanceId20000102"
"single_article","ArticleInstanceId20000103"
"single_article","ArticleInstanceId20000104"
"single_article","ArticleInstanceId20000101"
"single_article","ArticleInstanceId20000102"
"single_article","ArticleInstanceId20000103"
"single_article","ArticleInstanceId20000104"
"single_article","ArticleInstanceId20000101"
"single_article","ArticleInstanceId20000102"
"single_article","ArticleInstanceId20000103"
"single_article","ArticleInstanceId20000104"
"single_article","ArticleInstanceId20000101"
"single_article","ArticleInstanceId20000102"
"single_article","ArticleInstanceId20000103"
"single_article","ArticleInstanceId20000104"
"single_article","ArticleInstanceId20000102"
"single_article","ArticleInstanceId20000103"
"single_article","ArticleInstanceId20000104"
"single_article","ArticleInstanceId20000101"
"single_article","ArticleInstanceId20000102"
"single_article","ArticleInstanceId20000103"
"single_article","ArticleInstanceId20000104"
"single_article","ArticleInstanceId20000101"
"single_article","ArticleInstanceId20000102"
"single_article","ArticleInstanceId20000103"
"single_article","ArticleInstanceId20000104"
"single_article","ArticleInstanceId20000101"
"single_article","ArticleInstanceId20000102"
"single_article","ArticleInstanceId20000103"
"single_article","ArticleInstanceId20000104"
"single_article","ArticleInstanceId20000101"
"single_article","ArticleInstanceId20000102"
"single_article","ArticleInstanceId20000103"
"single_article","ArticleInstanceId20000104"
"single_article","ArticleInstanceId20000101"
"single_article","ArticleInstanceId20000102"
"single_article","ArticleInstanceId20000103"
"single_article","ArticleInstanceId20000104"
"single_article","ArticleInstanceId20000102"
"single_article","ArticleInstanceId20000103"
"single_article","ArticleInstanceId20000104"
"single_article","ArticleInstanceId20000101"
"single_article","ArticleInstanceId20000102"
"single_article","ArticleInstanceId20000103"
"single_article","ArticleInstanceId20000104"
"single_article","ArticleInstanceId20000101"
"single_article","ArticleInstanceId20000102"
"single_article","ArticleInstanceId20000103"
"single_article","ArticleInstanceId20000104"
"single_article","ArticleInstanceId20000101"
"single_article","ArticleInstanceId20000102"
"single_article","ArticleInstanceId20000103"
"single_article","ArticleInstanceId20000104"
"single_article","ArticleInstanceId20000101"
"single_article","ArticleInstanceId20000102"
"single_article","ArticleInstanceId20000103"
"single_article","ArticleInstanceId20000104"
"single_article","ArticleInstanceId20000101"
"single_article","ArticleInstanceId20000102"
"single_article","ArticleInstanceId20000103"
"single_article","ArticleInstanceId20000104"
"single_article","ArticleInstanceId20000102"
"single_article","ArticleInstanceId20000103"
"single_article","ArticleInstanceId20000104"
"single_article","ArticleInstanceId20000101"
"single_article","ArticleInstanceId20000102"
"single_article","ArticleInstanceId20000103"
"single_article","ArticleInstanceId20000104"
"single_article","ArticleInstanceId20000101"
"single_article","ArticleInstanceId20000102"
"single_article","ArticleInstanceId20000103"
"single_article","ArticleInstanceId20000104"
"single_article","ArticleInstanceId20000101"
"single_article","ArticleInstanceId20000102"
"single_article","ArticleInstanceId20000103"
"single_article","ArticleInstanceId20000104"
"single_article","ArticleInstanceId20000101"
"single_article","ArticleInstanceId20000102"
"single_article","ArticleInstanceId20000103"
"single_article","ArticleInstanceId20000104"
"single_article","ArticleInstanceId20000101"
"single_article","ArticleInstanceId20000102"
"single_article","ArticleInstanceId20000103"
"single_article","ArticleInstanceId20000104"
"single_article","ArticleInstanceId20000102"
"single_article","ArticleInstanceId20000103"
"single_article","ArticleInstanceId20000104"
"single_article","ArticleInstanceId20000101"
"single_article","ArticleInstanceId20000102"
"single_article","ArticleInstanceId20000103"
"single_article","ArticleInstanceId20000104"
"single_article","ArticleInstanceId20000101"
"single_article","ArticleInstanceId20000102"
"single_article","ArticleInstanceId20000103"
"single_article","ArticleInstanceId20000104"
"single_article","ArticleInstanceId20000101"
"single_article","ArticleInstanceId20000102"
"single_article","ArticleInstanceId20000103"
"single_article","ArticleInstanceId20000104"
"single_article","ArticleInstanceId20000101"
"single_article","ArticleInstanceId20000102"
"single_article","ArticleInstanceId20000103"
"single_article","ArticleInstanceId20000104"
"single_article","ArticleInstanceId20000101"
"single_article","ArticleInstanceId20000102"
"single_article","ArticleInstanceId20000103"
"single_article","ArticleInstanceId20000104"
"single_article","ArticleInstanceId20000102"
"single_article","ArticleInstanceId20000103"
"single_article","ArticleInstanceId20000104"
"single_article","ArticleInstanceId20000101"
"single_article","ArticleInstanceId20000102"
"single_article","ArticleInstanceId20000103"
"single_article","ArticleInstanceId20000104"
"single_article","ArticleInstanceId20000103"
"single_article","ArticleInstanceId20000104"
"single_article","ArticleInstanceId20000101"
"single_article","ArticleInstanceId20000102"
"single_article","ArticleInstanceId20000103"
"single_article","ArticleInstanceId20000104"
"single_article","ArticleInstanceId20000101"
"single_article","ArticleInstanceId20000102"
"single_article","ArticleInstanceId20000103"
"single_article","ArticleInstanceId20000104"
"single_article","ArticleInstanceId20000101"
"single_article","ArticleInstanceId20000102"
"single_article","ArticleInstanceId20000103"
"single_article","ArticleInstanceId20000104"
"single_article","ArticleInstanceId20000102"
"single_article","ArticleInstanceId20000103"
"single_article","ArticleInstanceId20000104"
"single_article","ArticleInstanceId20000101"
"single_article","ArticleInstanceId20000102"
"single_article","ArticleInstanceId20000103"
"single_article","ArticleInstanceId20000104"
"single_article","ArticleInstanceId20000101"
"single_article","ArticleInstanceId20000102"
"single_article","ArticleInstanceId20000103"
"single_article","ArticleInstanceId20000104"
"single_article","ArticleInstanceId20000101"
"single_article","ArticleInstanceId20000102"
"single_article","ArticleInstanceId20000103"
"single_article","ArticleInstanceId20000104"
"single_article","ArticleInstanceId20000101"
"single_article","ArticleInstanceId20000102"
"single_article","ArticleInstanceId20000103"
"single_article","ArticleInstanceId20000104"
"single_article","ArticleInstanceId20000101"
"single_article","ArticleInstanceId20000102"
"single_article","ArticleInstanceId20000103"
"single_article","ArticleInstanceId20000104"
"single_article","ArticleInstanceId20000102"
"single_article","ArticleInstanceId20000103"
"single_article","ArticleInstanceId20000104"
"single_article","ArticleInstanceId20000101"
"single_article","ArticleInstanceId20000102"
"single_article","ArticleInstanceId20000103"
"single_article","ArticleInstanceId20000104"
"single_article","ArticleInstanceId20000101"
"single_article","ArticleInstanceId20000102"
"single_article","ArticleInstanceId20000103"
"single_article","ArticleInstanceId20000104"
"single_article","ArticleInstanceId20000101"
"single_article","ArticleInstanceId20000102"
"single_article","ArticleInstanceId20000103"
"single_article","ArticleInstanceId20000104"
"single_article","ArticleInstanceId20000101"
"single_article","ArticleInstanceId20000102"
"single_article","ArticleInstanceId20000103"
"single_article","ArticleInstanceId20000104"
"single_article","ArticleInstanceId20000101"
"single_article","ArticleInstanceId20000102"
"single_article","ArticleInstanceId20000103"
"single_article","ArticleInstanceId20000104"
"single_article","ArticleInstanceId20000102"
"single_article","ArticleInstanceId20000103"
"single_article","ArticleInstanceId20000104"
"single_article","ArticleInstanceId20000101"
"single_article","ArticleInstanceId20000102"
"single_article","ArticleInstanceId20000103"
"single_article","ArticleInstanceId20000104"
"single_article","ArticleInstanceId20000101"
"single_article","ArticleInstanceId20000102"
"single_article","ArticleInstanceId20000103"
"single_article","ArticleInstanceId20000104"
"single_article","ArticleInstanceId20000101"
"single_article","ArticleInstanceId20000102"
"single_article","ArticleInstanceId20000103"
"single_article","ArticleInstanceId20000104"
"single_article","ArticleInstanceId20000101"
"single_article","ArticleInstanceId20000102"
"single_article","ArticleInstanceId20000103"
"single_article","ArticleInstanceId20000104"
"single_article","ArticleInstanceId20000101"
"single_article","ArticleInstanceId20000102"
"single_article","ArticleInstanceId20000103"
"single_article","ArticleInstanceId20000104"
"single_article","ArticleInstanceId20000102"
"single_article","ArticleInstanceId20000103"
"single_article","ArticleInstanceId20000104"
"single_article","ArticleInstanceId20000101"
"single_article","ArticleInstanceId20000102"
"single_article","ArticleInstanceId20000103"
"single_article","ArticleInstanceId20000104"
"single_article","ArticleInstanceId20000101"
"single_article","ArticleInstanceId20000102"
"single_article","ArticleInstanceId20000103"
"single_article","ArticleInstanceId20000104"
"single_article","ArticleInstanceId20000101"
"single_article","ArticleInstanceId20000102"
"single_article","ArticleInstanceId20000103"
"single_article","ArticleInstanceId20000104"
"single_article","ArticleInstanceId20000101"
"single_article","ArticleInstanceId20000102"
"single_article","ArticleInstanceId20000103"
"single_article","ArticleInstanceId20000104"
"single_article","ArticleInstanceId20000101"
"single_article","ArticleInstanceId20000102"
"single_article","ArticleInstanceId20000103"
"single_article","ArticleInstanceId20000104"
"single_article","ArticleInstanceId20000102"
"single_article","ArticleInstanceId20000103"
"single_article","ArticleInstanceId20000104"
"single_article","ArticleInstanceId20000101"
"single_article","ArticleInstanceId20000102"
"single_article","ArticleInstanceId20000103"
"single_article","ArticleInstanceId20000104"