admin,YWRtaW46OlBhc3NAMTIzJA==
user2,dGltZVBhc3M6OlBhc3NAMTIzJA==
user3,dGltZVBhc3M6OlBhc3NAMTIzJA==
user4,dGltZVBhc3M6OlBhc3NAMTIzJA==
user5,dGltZVBhc3M6OlBhc3NAMTIzJA==
user6,dGltZVBhc3M6OlBhc3NAMTIzJA==
user7,dGltZVBhc3M6OlBhc3NAMTIzJA==
user8,dGltZVBhc3M6OlBhc3NAMTIzJA==
user9,dGltZVBhc3M6OlBhc3NAMTIzJA==
user10,dGltZVBhc3M6OlBhc3NAMTIzJA==
user11,dGltZVBhc3M6OlBhc3NAMTIzJA==
user12,dGltZVBhc3M6OlBhc3NAMTIzJA==
user13,dGltZVBhc3M6OlBhc3NAMTIzJA==
user14,dGltZVBhc3M6OlBhc3NAMTIzJA==
user15,dGltZVBhc3M6OlBhc3NAMTIzJA==
user16,dGltZVBhc3M6OlBhc3NAMTIzJA==
user17,dGltZVBhc3M6OlBhc3NAMTIzJA==
user18,dGltZVBhc3M6OlBhc3NAMTIzJA==
user19,dGltZVBhc3M6OlBhc3NAMTIzJA==
user20,dGltZVBhc3M6OlBhc3NAMTIzJA==
user21,dGltZVBhc3M6OlBhc3NAMTIzJA==
user22,dGltZVBhc3M6OlBhc3NAMTIzJA==
user23,dGltZVBhc3M6OlBhc3NAMTIzJA==
user24,dGltZVBhc3M6OlBhc3NAMTIzJA==
user25,dGltZVBhc3M6OlBhc3NAMTIzJA==
user26,dGltZVBhc3M6OlBhc3NAMTIzJA==
user27,dGltZVBhc3M6OlBhc3NAMTIzJA==
user28,dGltZVBhc3M6OlBhc3NAMTIzJA==
user29,dGltZVBhc3M6OlBhc3NAMTIzJA==
user30,dGltZVBhc3M6OlBhc3NAMTIzJA==
user31,dGltZVBhc3M6OlBhc3NAMTIzJA==
user32,dGltZVBhc3M6OlBhc3NAMTIzJA==
user33,dGltZVBhc3M6OlBhc3NAMTIzJA==
user34,dGltZVBhc3M6OlBhc3NAMTIzJA==
user35,dGltZVBhc3M6OlBhc3NAMTIzJA==
user36,dGltZVBhc3M6OlBhc3NAMTIzJA==
user37,dGltZVBhc3M6OlBhc3NAMTIzJA==
user38,dGltZVBhc3M6OlBhc3NAMTIzJA==
user39,dGltZVBhc3M6OlBhc3NAMTIzJA==
user40,dGltZVBhc3M6OlBhc3NAMTIzJA==
user41,dGltZVBhc3M6OlBhc3NAMTIzJA==
user42,dGltZVBhc3M6OlBhc3NAMTIzJA==
user43,dGltZVBhc3M6OlBhc3NAMTIzJA==
user44,dGltZVBhc3M6OlBhc3NAMTIzJA==
user45,dGltZVBhc3M6OlBhc3NAMTIzJA==
user46,dGltZVBhc3M6OlBhc3NAMTIzJA==
user47,dGltZVBhc3M6OlBhc3NAMTIzJA==
user48,dGltZVBhc3M6OlBhc3NAMTIzJA==
user49,dGltZVBhc3M6OlBhc3NAMTIzJA==
user50,dGltZVBhc3M6OlBhc3NAMTIzJA==