"image_asset","AssetInstanceId20000101"
"image_asset","AssetInstanceId20000102"
"image_asset","AssetInstanceId20000101"
"image_asset","AssetInstanceId20000102"
"image_asset","AssetInstanceId20000101"
"image_asset","AssetInstanceId20000102"
"image_asset","AssetInstanceId20000101"
"image_asset","AssetInstanceId20000102"
"image_asset","AssetInstanceId20000101"
"image_asset","AssetInstanceId20000102"
"image_asset","AssetInstanceId20000101"
"image_asset","AssetInstanceId20000102"
"image_asset","AssetInstanceId20000101"
"image_asset","AssetInstanceId20000102"
"image_asset","AssetInstanceId20000101"
"image_asset","AssetInstanceId20000102"
"image_asset","AssetInstanceId20000101"
"image_asset","AssetInstanceId20000102"
"image_asset","AssetInstanceId20000101"
"image_asset","AssetInstanceId20000102"
"image_asset","AssetInstanceId20000101"
"image_asset","AssetInstanceId20000102"
"image_asset","AssetInstanceId20000101"
"image_asset","AssetInstanceId20000102"
"image_asset","AssetInstanceId20000101"
"image_asset","AssetInstanceId20000102"
"image_asset","AssetInstanceId20000101"
"image_asset","AssetInstanceId20000102"
"image_asset","AssetInstanceId20000101"
"image_asset","AssetInstanceId20000102"
"image_asset","AssetInstanceId20000101"
"image_asset","AssetInstanceId20000102"
"image_asset","AssetInstanceId20000101"
"image_asset","AssetInstanceId20000102"
"image_asset","AssetInstanceId20000101"
"image_asset","AssetInstanceId20000102"
"image_asset","AssetInstanceId20000101"
"image_asset","AssetInstanceId20000102"
"image_asset","AssetInstanceId20000101"
"image_asset","AssetInstanceId20000102"
"image_asset","AssetInstanceId20000101"
"image_asset","AssetInstanceId20000102"
"image_asset","AssetInstanceId20000101"
"image_asset","AssetInstanceId20000102"
"image_asset","AssetInstanceId20000101"
"image_asset","AssetInstanceId20000102"
"image_asset","AssetInstanceId20000101"
"image_asset","AssetInstanceId20000102"
"image_asset","AssetInstanceId20000101"
"image_asset","AssetInstanceId20000102"
"image_asset","AssetInstanceId20000101"
"image_asset","AssetInstanceId20000102"
"image_asset","AssetInstanceId20000101"
"image_asset","AssetInstanceId20000102"
"image_asset","AssetInstanceId20000101"
"image_asset","AssetInstanceId20000102"
"image_asset","AssetInstanceId20000101"
"image_asset","AssetInstanceId20000102"
"image_asset","AssetInstanceId20000101"
"image_asset","AssetInstanceId20000102"
"image_asset","AssetInstanceId20000101"
"image_asset","AssetInstanceId20000102"
"image_asset","AssetInstanceId20000101"
"image_asset","AssetInstanceId20000102"
"image_asset","AssetInstanceId20000101"
"image_asset","AssetInstanceId20000102"
"image_asset","AssetInstanceId20000101"
"image_asset","AssetInstanceId20000102"
"image_asset","AssetInstanceId20000101"
"image_asset","AssetInstanceId20000102"
"image_asset","AssetInstanceId20000101"
"image_asset","AssetInstanceId20000102"
"image_asset","AssetInstanceId20000101"
"image_asset","AssetInstanceId20000102"
"image_asset","AssetInstanceId20000101"
"image_asset","AssetInstanceId20000102"
"image_asset","AssetInstanceId20000101"
"image_asset","AssetInstanceId20000102"
"image_asset","AssetInstanceId20000101"
"image_asset","AssetInstanceId20000102"
"image_asset","AssetInstanceId20000101"
"image_asset","AssetInstanceId20000102"
"image_asset","AssetInstanceId20000101"
"image_asset","AssetInstanceId20000102"
"image_asset","AssetInstanceId20000101"
"image_asset","AssetInstanceId20000102"
"image_asset","AssetInstanceId20000101"
"image_asset","AssetInstanceId20000102"
"image_asset","AssetInstanceId20000101"
"image_asset","AssetInstanceId20000102"
"image_asset","AssetInstanceId20000101"
"image_asset","AssetInstanceId20000102"
"image_asset","AssetInstanceId20000101"
"image_asset","AssetInstanceId20000102"
"image_asset","AssetInstanceId20000101"
"image_asset","AssetInstanceId20000102"
"image_asset","AssetInstanceId20000101"
"image_asset","AssetInstanceId20000102"
"image_asset","AssetInstanceId20000101"
"image_asset","AssetInstanceId20000102"
"image_asset","AssetInstanceId20000101"
"image_asset","AssetInstanceId20000102"
"image_asset","AssetInstanceId20000101"
"image_asset","AssetInstanceId20000102"
"image_asset","AssetInstanceId20000101"
"image_asset","AssetInstanceId20000102"
"image_asset","AssetInstanceId20000101"
"image_asset","AssetInstanceId20000102"
"image_asset","AssetInstanceId20000101"
"image_asset","AssetInstanceId20000102"
"image_asset","AssetInstanceId20000101"
"image_asset","AssetInstanceId20000102"
"image_asset","AssetInstanceId20000101"
"image_asset","AssetInstanceId20000102"
"image_asset","AssetInstanceId20000101"
"image_asset","AssetInstanceId20000102"
"image_asset","AssetInstanceId20000101"
"image_asset","AssetInstanceId20000102"
"image_asset","AssetInstanceId20000101"
"image_asset","AssetInstanceId20000102"
"image_asset","AssetInstanceId20000101"
"image_asset","AssetInstanceId20000102"
"image_asset","AssetInstanceId20000101"
"image_asset","AssetInstanceId20000102"
"image_asset","AssetInstanceId20000101"
"image_asset","AssetInstanceId20000102"
"image_asset","AssetInstanceId20000101"
"image_asset","AssetInstanceId20000102"
"image_asset","AssetInstanceId20000101"
"image_asset","AssetInstanceId20000102"
"image_asset","AssetInstanceId20000101"
"image_asset","AssetInstanceId20000102"
"image_asset","AssetInstanceId20000101"
"image_asset","AssetInstanceId20000102"
"image_asset","AssetInstanceId20000101"
"image_asset","AssetInstanceId20000102"
"image_asset","AssetInstanceId20000101"
"image_asset","AssetInstanceId20000102"
"image_asset","AssetInstanceId20000101"
"image_asset","AssetInstanceId20000102"
"image_asset","AssetInstanceId20000101"
"image_asset","AssetInstanceId20000102"
"image_asset","AssetInstanceId20000101"
"image_asset","AssetInstanceId20000102"
"image_asset","AssetInstanceId20000101"
"image_asset","AssetInstanceId20000102"
"image_asset","AssetInstanceId20000101"
"image_asset","AssetInstanceId20000102"
"image_asset","AssetInstanceId20000101"
"image_asset","AssetInstanceId20000102"
"image_asset","AssetInstanceId20000101"
"image_asset","AssetInstanceId20000102"
"image_asset","AssetInstanceId20000101"
"image_asset","AssetInstanceId20000102"
"image_asset","AssetInstanceId20000101"
"image_asset","AssetInstanceId20000102"
"image_asset","AssetInstanceId20000101"
"image_asset","AssetInstanceId20000102"
"image_asset","AssetInstanceId20000101"
"image_asset","AssetInstanceId20000102"
"image_asset","AssetInstanceId20000101"
"image_asset","AssetInstanceId20000102"
"image_asset","AssetInstanceId20000101"
"image_asset","AssetInstanceId20000102"
"image_asset","AssetInstanceId20000101"
"image_asset","AssetInstanceId20000102"
"image_asset","AssetInstanceId20000101"
"image_asset","AssetInstanceId20000102"
"image_asset","AssetInstanceId20000101"
"image_asset","AssetInstanceId20000102"
"image_asset","AssetInstanceId20000101"
"image_asset","AssetInstanceId20000102"
"image_asset","AssetInstanceId20000101"
"image_asset","AssetInstanceId20000102"
"image_asset","AssetInstanceId20000101"
"image_asset","AssetInstanceId20000102"
"image_asset","AssetInstanceId20000101"
"image_asset","AssetInstanceId20000102"
"image_asset","AssetInstanceId20000101"
"image_asset","AssetInstanceId20000102"
"image_asset","AssetInstanceId20000101"
"image_asset","AssetInstanceId20000102"
"image_asset","AssetInstanceId20000101"
"image_asset","AssetInstanceId20000102"
"image_asset","AssetInstanceId20000101"
"image_asset","AssetInstanceId20000102"
"image_asset","AssetInstanceId20000101"
"image_asset","AssetInstanceId20000102"
"image_asset","AssetInstanceId20000101"
"image_asset","AssetInstanceId20000102"
"image_asset","AssetInstanceId20000101"
"image_asset","AssetInstanceId20000102"
"image_asset","AssetInstanceId20000101"
"image_asset","AssetInstanceId20000102"
"image_asset","AssetInstanceId20000101"
"image_asset","AssetInstanceId20000102"
"image_asset","AssetInstanceId20000101"
"image_asset","AssetInstanceId20000102"
"image_asset","AssetInstanceId20000101"
"image_asset","AssetInstanceId20000102"
"image_asset","AssetInstanceId20000101"
"image_asset","AssetInstanceId20000102"
"image_asset","AssetInstanceId20000101"
"image_asset","AssetInstanceId20000102"
"image_asset","AssetInstanceId20000101"
"image_asset","AssetInstanceId20000102"
"image_asset","AssetInstanceId20000101"
"image_asset","AssetInstanceId20000102"
"image_asset","AssetInstanceId20000101"
"image_asset","AssetInstanceId20000102"
"image_asset","AssetInstanceId20000101"
"image_asset","AssetInstanceId20000102"
"image_asset","AssetInstanceId20000101"
"image_asset","AssetInstanceId20000102"
"image_asset","AssetInstanceId20000101"
"image_asset","AssetInstanceId20000102"
"image_asset","AssetInstanceId20000101"
"image_asset","AssetInstanceId20000102"
"image_asset","AssetInstanceId20000101"
"image_asset","AssetInstanceId20000102"
"image_asset","AssetInstanceId20000101"
"image_asset","AssetInstanceId20000102"
"image_asset","AssetInstanceId20000101"
"image_asset","AssetInstanceId20000102"
"image_asset","AssetInstanceId20000101"
"image_asset","AssetInstanceId20000102"
"image_asset","AssetInstanceId20000101"
"image_asset","AssetInstanceId20000102"
"image_asset","AssetInstanceId20000101"
"image_asset","AssetInstanceId20000102"
"image_asset","AssetInstanceId20000101"
"image_asset","AssetInstanceId20000102"
"image_asset","AssetInstanceId20000101"
"image_asset","AssetInstanceId20000102"
"image_asset","AssetInstanceId20000101"
"image_asset","AssetInstanceId20000102"
"image_asset","AssetInstanceId20000101"
"image_asset","AssetInstanceId20000102"
"image_asset","AssetInstanceId20000101"
"image_asset","AssetInstanceId20000102"
"image_asset","AssetInstanceId20000101"
"image_asset","AssetInstanceId20000102"
"image_asset","AssetInstanceId20000101"
"image_asset","AssetInstanceId20000102"
"image_asset","AssetInstanceId20000101"
"image_asset","AssetInstanceId20000102"
"image_asset","AssetInstanceId20000101"
"image_asset","AssetInstanceId20000102"
"image_asset","AssetInstanceId20000101"
"image_asset","AssetInstanceId20000102"
"image_asset","AssetInstanceId20000101"
"image_asset","AssetInstanceId20000102"
"image_asset","AssetInstanceId20000101"
"image_asset","AssetInstanceId20000102"
"image_asset","AssetInstanceId20000101"
"image_asset","AssetInstanceId20000102"
"image_asset","AssetInstanceId20000101"
"image_asset","AssetInstanceId20000102"
"image_asset","AssetInstanceId20000101"
"image_asset","AssetInstanceId20000102"
"image_asset","AssetInstanceId20000101"
"image_asset","AssetInstanceId20000102"
"image_asset","AssetInstanceId20000101"
"image_asset","AssetInstanceId20000102"
"image_asset","AssetInstanceId20000101"
"image_asset","AssetInstanceId20000102"
"image_asset","AssetInstanceId20000101"
"image_asset","AssetInstanceId20000102"
"image_asset","AssetInstanceId20000101"
"image_asset","AssetInstanceId20000102"
"image_asset","AssetInstanceId20000101"
"image_asset","AssetInstanceId20000102"
"image_asset","AssetInstanceId20000101"
"image_asset","AssetInstanceId20000102"
"image_asset","AssetInstanceId20000101"
"image_asset","AssetInstanceId20000102"
"image_asset","AssetInstanceId20000101"
"image_asset","AssetInstanceId20000102"
"image_asset","AssetInstanceId20000101"
"image_asset","AssetInstanceId20000102"
"image_asset","AssetInstanceId20000101"
"image_asset","AssetInstanceId20000102"
"image_asset","AssetInstanceId20000101"
"image_asset","AssetInstanceId20000102"
"image_asset","AssetInstanceId20000101"
"image_asset","AssetInstanceId20000102"
"image_asset","AssetInstanceId20000101"
"image_asset","AssetInstanceId20000102"
"image_asset","AssetInstanceId20000101"
"image_asset","AssetInstanceId20000102"
"image_asset","AssetInstanceId20000101"
"image_asset","AssetInstanceId20000102"
"image_asset","AssetInstanceId20000101"
"image_asset","AssetInstanceId20000102"
"image_asset","AssetInstanceId20000101"
"image_asset","AssetInstanceId20000102"
"image_asset","AssetInstanceId20000101"
"image_asset","AssetInstanceId20000102"
"image_asset","AssetInstanceId20000101"
"image_asset","AssetInstanceId20000102"
"image_asset","AssetInstanceId20000101"
"image_asset","AssetInstanceId20000102"
"image_asset","AssetInstanceId20000101"
"image_asset","AssetInstanceId20000102"
"image_asset","AssetInstanceId20000101"
"image_asset","AssetInstanceId20000102"
"image_asset","AssetInstanceId20000101"
"image_asset","AssetInstanceId20000102"
"image_asset","AssetInstanceId20000101"
"image_asset","AssetInstanceId20000102"
"image_asset","AssetInstanceId20000101"
"image_asset","AssetInstanceId20000102"
"image_asset","AssetInstanceId20000101"
"image_asset","AssetInstanceId20000102"
"image_asset","AssetInstanceId20000101"
"image_asset","AssetInstanceId20000102"
"image_asset","AssetInstanceId20000101"
"image_asset","AssetInstanceId20000102"
"image_asset","AssetInstanceId20000101"
"image_asset","AssetInstanceId20000102"
"image_asset","AssetInstanceId20000101"
"image_asset","AssetInstanceId20000102"
"image_asset","AssetInstanceId20000101"
"image_asset","AssetInstanceId20000102"
"image_asset","AssetInstanceId20000101"
"image_asset","AssetInstanceId20000102"
"image_asset","AssetInstanceId20000101"
"image_asset","AssetInstanceId20000102"
"image_asset","AssetInstanceId20000101"
"image_asset","AssetInstanceId20000102"
"image_asset","AssetInstanceId20000101"
"image_asset","AssetInstanceId20000102"
"image_asset","AssetInstanceId20000101"
"image_asset","AssetInstanceId20000102"
"image_asset","AssetInstanceId20000101"
"image_asset","AssetInstanceId20000102"
"image_asset","AssetInstanceId20000101"
"image_asset","AssetInstanceId20000102"
"image_asset","AssetInstanceId20000101"
"image_asset","AssetInstanceId20000102"
"image_asset","AssetInstanceId20000101"
"image_asset","AssetInstanceId20000102"
"image_asset","AssetInstanceId20000101"
"image_asset","AssetInstanceId20000102"
"image_asset","AssetInstanceId20000101"
"image_asset","AssetInstanceId20000102"
"image_asset","AssetInstanceId20000101"
"image_asset","AssetInstanceId20000102"
"image_asset","AssetInstanceId20000101"
"image_asset","AssetInstanceId20000102"
"image_asset","AssetInstanceId20000101"
"image_asset","AssetInstanceId20000102"
"image_asset","AssetInstanceId20000101"
"image_asset","AssetInstanceId20000102"
"image_asset","AssetInstanceId20000101"
"image_asset","AssetInstanceId20000102"
"image_asset","AssetInstanceId20000101"
"image_asset","AssetInstanceId20000102"
"image_asset","AssetInstanceId20000101"
"image_asset","AssetInstanceId20000102"
"image_asset","AssetInstanceId20000101"
"image_asset","AssetInstanceId20000102"
"image_asset","AssetInstanceId20000101"
"image_asset","AssetInstanceId20000102"
"image_asset","AssetInstanceId20000101"
"image_asset","AssetInstanceId20000102"
"image_asset","AssetInstanceId20000101"
"image_asset","AssetInstanceId20000102"
"image_asset","AssetInstanceId20000101"
"image_asset","AssetInstanceId20000102"
"image_asset","AssetInstanceId20000101"
"image_asset","AssetInstanceId20000102"
"image_asset","AssetInstanceId20000101"
"image_asset","AssetInstanceId20000102"
"image_asset","AssetInstanceId20000101"
"image_asset","AssetInstanceId20000102"
"image_asset","AssetInstanceId20000101"
"image_asset","AssetInstanceId20000102"
"image_asset","AssetInstanceId20000101"
"image_asset","AssetInstanceId20000102"
"image_asset","AssetInstanceId20000101"
"image_asset","AssetInstanceId20000102"
"image_asset","AssetInstanceId20000101"
"image_asset","AssetInstanceId20000102"
"image_asset","AssetInstanceId20000101"
"image_asset","AssetInstanceId20000102"
"image_asset","AssetInstanceId20000101"
"image_asset","AssetInstanceId20000102"
"image_asset","AssetInstanceId20000101"
"image_asset","AssetInstanceId20000102"
"image_asset","AssetInstanceId20000101"
"image_asset","AssetInstanceId20000102"
"image_asset","AssetInstanceId20000101"
"image_asset","AssetInstanceId20000102"
"image_asset","AssetInstanceId20000101"
"image_asset","AssetInstanceId20000102"
"image_asset","AssetInstanceId20000101"
"image_asset","AssetInstanceId20000102"
"image_asset","AssetInstanceId20000101"
"image_asset","AssetInstanceId20000102"
"image_asset","AssetInstanceId20000101"
"image_asset","AssetInstanceId20000102"
"image_asset","AssetInstanceId20000101"
"image_asset","AssetInstanceId20000102"
"image_asset","AssetInstanceId20000101"
"image_asset","AssetInstanceId20000102"
"image_asset","AssetInstanceId20000101"
"image_asset","AssetInstanceId20000102"
"image_asset","AssetInstanceId20000101"
"image_asset","AssetInstanceId20000102"
"image_asset","AssetInstanceId20000101"
"image_asset","AssetInstanceId20000102"
"image_asset","AssetInstanceId20000101"
"image_asset","AssetInstanceId20000102"
"image_asset","AssetInstanceId20000101"
"image_asset","AssetInstanceId20000102"
"image_asset","AssetInstanceId20000101"
"image_asset","AssetInstanceId20000102"
"image_asset","AssetInstanceId20000101"
"image_asset","AssetInstanceId20000102"
"image_asset","AssetInstanceId20000101"
"image_asset","AssetInstanceId20000102"
"image_asset","AssetInstanceId20000101"
"image_asset","AssetInstanceId20000102"
"image_asset","AssetInstanceId20000101"
"image_asset","AssetInstanceId20000102"
"image_asset","AssetInstanceId20000101"
"image_asset","AssetInstanceId20000102"
"image_asset","AssetInstanceId20000101"
"image_asset","AssetInstanceId20000102"
"image_asset","AssetInstanceId20000101"
"image_asset","AssetInstanceId20000102"
"image_asset","AssetInstanceId20000101"
"image_asset","AssetInstanceId20000102"
"image_asset","AssetInstanceId20000101"
"image_asset","AssetInstanceId20000102"
"image_asset","AssetInstanceId20000101"
"image_asset","AssetInstanceId20000102"
"image_asset","AssetInstanceId20000101"
"image_asset","AssetInstanceId20000102"
"image_asset","AssetInstanceId20000101"
"image_asset","AssetInstanceId20000102"
"image_asset","AssetInstanceId20000101"
"image_asset","AssetInstanceId20000102"
"image_asset","AssetInstanceId20000101"
"image_asset","AssetInstanceId20000102"
"image_asset","AssetInstanceId20000101"
"image_asset","AssetInstanceId20000102"
"image_asset","AssetInstanceId20000101"
"image_asset","AssetInstanceId20000102"
"image_asset","AssetInstanceId20000101"
"image_asset","AssetInstanceId20000102"
"image_asset","AssetInstanceId20000101"
"image_asset","AssetInstanceId20000102"
"image_asset","AssetInstanceId20000101"
"image_asset","AssetInstanceId20000102"
"image_asset","AssetInstanceId20000101"
"image_asset","AssetInstanceId20000102"
"image_asset","AssetInstanceId20000101"
"image_asset","AssetInstanceId20000102"
"image_asset","AssetInstanceId20000101"
"image_asset","AssetInstanceId20000102"
"image_asset","AssetInstanceId20000101"
"image_asset","AssetInstanceId20000102"
"image_asset","AssetInstanceId20000101"
"image_asset","AssetInstanceId20000102"
"image_asset","AssetInstanceId20000101"
"image_asset","AssetInstanceId20000102"
"image_asset","AssetInstanceId20000101"
"image_asset","AssetInstanceId20000102"
"image_asset","AssetInstanceId20000101"
"image_asset","AssetInstanceId20000102"
"image_asset","AssetInstanceId20000101"
"image_asset","AssetInstanceId20000102"
"image_asset","AssetInstanceId20000101"
"image_asset","AssetInstanceId20000102"
"image_asset","AssetInstanceId20000101"
"image_asset","AssetInstanceId20000102"
"image_asset","AssetInstanceId20000101"
"image_asset","AssetInstanceId20000102"
"image_asset","AssetInstanceId20000101"
"image_asset","AssetInstanceId20000102"
"image_asset","AssetInstanceId20000101"
"image_asset","AssetInstanceId20000102"
"image_asset","AssetInstanceId20000101"
"image_asset","AssetInstanceId20000102"
"image_asset","AssetInstanceId20000101"
"image_asset","AssetInstanceId20000102"
"image_asset","AssetInstanceId20000101"
"image_asset","AssetInstanceId20000102"
"image_asset","AssetInstanceId20000101"
"image_asset","AssetInstanceId20000102"
"image_asset","AssetInstanceId20000101"
"image_asset","AssetInstanceId20000102"
"image_asset","AssetInstanceId20000101"
"image_asset","AssetInstanceId20000102"
"image_asset","AssetInstanceId20000101"
"image_asset","AssetInstanceId20000102"
"image_asset","AssetInstanceId20000101"
"image_asset","AssetInstanceId20000102"
"image_asset","AssetInstanceId20000101"
"image_asset","AssetInstanceId20000102"
"image_asset","AssetInstanceId20000101"
"image_asset","AssetInstanceId20000102"
"image_asset","AssetInstanceId20000101"
"image_asset","AssetInstanceId20000102"
"image_asset","AssetInstanceId20000101"
"image_asset","AssetInstanceId20000102"
"image_asset","AssetInstanceId20000101"
"image_asset","AssetInstanceId20000102"
"image_asset","AssetInstanceId20000101"
"image_asset","AssetInstanceId20000102"