P_user_101,YWRtaW46OlBhc3NAMTIzJA==
P_user_102,YWRtaW46OlBhc3NAMTIzJA==
P_user_103,YWRtaW46OlBhc3NAMTIzJA==
P_user_104,YWRtaW46OlBhc3NAMTIzJA==
P_user_105,YWRtaW46OlBhc3NAMTIzJA==
P_user_106,YWRtaW46OlBhc3NAMTIzJA==
P_user_107,YWRtaW46OlBhc3NAMTIzJA==
P_user_108,YWRtaW46OlBhc3NAMTIzJA==
P_user_109,YWRtaW46OlBhc3NAMTIzJA==
P_user_110,YWRtaW46OlBhc3NAMTIzJA==
P_user_111,YWRtaW46OlBhc3NAMTIzJA==
P_user_112,YWRtaW46OlBhc3NAMTIzJA==
P_user_113,YWRtaW46OlBhc3NAMTIzJA==
P_user_114,YWRtaW46OlBhc3NAMTIzJA==
P_user_115,YWRtaW46OlBhc3NAMTIzJA==
P_user_116,YWRtaW46OlBhc3NAMTIzJA==
P_user_117,YWRtaW46OlBhc3NAMTIzJA==
P_user_118,YWRtaW46OlBhc3NAMTIzJA==
P_user_119,YWRtaW46OlBhc3NAMTIzJA==
P_user_120,YWRtaW46OlBhc3NAMTIzJA==
P_user_121,YWRtaW46OlBhc3NAMTIzJA==
P_user_122,YWRtaW46OlBhc3NAMTIzJA==
P_user_123,YWRtaW46OlBhc3NAMTIzJA==
P_user_124,YWRtaW46OlBhc3NAMTIzJA==
P_user_125,YWRtaW46OlBhc3NAMTIzJA==
P_user_126,YWRtaW46OlBhc3NAMTIzJA==
P_user_127,YWRtaW46OlBhc3NAMTIzJA==
P_user_128,YWRtaW46OlBhc3NAMTIzJA==
P_user_129,YWRtaW46OlBhc3NAMTIzJA==
P_user_130,YWRtaW46OlBhc3NAMTIzJA==
P_user_131,YWRtaW46OlBhc3NAMTIzJA==
P_user_132,YWRtaW46OlBhc3NAMTIzJA==
P_user_133,YWRtaW46OlBhc3NAMTIzJA==
P_user_134,YWRtaW46OlBhc3NAMTIzJA==
P_user_135,YWRtaW46OlBhc3NAMTIzJA==
P_user_136,YWRtaW46OlBhc3NAMTIzJA==
P_user_137,YWRtaW46OlBhc3NAMTIzJA==
P_user_138,YWRtaW46OlBhc3NAMTIzJA==
P_user_139,YWRtaW46OlBhc3NAMTIzJA==
P_user_140,YWRtaW46OlBhc3NAMTIzJA==
P_user_141,YWRtaW46OlBhc3NAMTIzJA==
P_user_142,YWRtaW46OlBhc3NAMTIzJA==
P_user_143,YWRtaW46OlBhc3NAMTIzJA==
P_user_144,YWRtaW46OlBhc3NAMTIzJA==
P_user_145,YWRtaW46OlBhc3NAMTIzJA==
P_user_146,YWRtaW46OlBhc3NAMTIzJA==
P_user_147,YWRtaW46OlBhc3NAMTIzJA==
P_user_148,YWRtaW46OlBhc3NAMTIzJA==
P_user_149,YWRtaW46OlBhc3NAMTIzJA==
P_user_150,YWRtaW46OlBhc3NAMTIzJA==
P_user_151,YWRtaW46OlBhc3NAMTIzJA==
P_user_152,YWRtaW46OlBhc3NAMTIzJA==
P_user_153,YWRtaW46OlBhc3NAMTIzJA==
P_user_154,YWRtaW46OlBhc3NAMTIzJA==
P_user_155,YWRtaW46OlBhc3NAMTIzJA==
P_user_156,YWRtaW46OlBhc3NAMTIzJA==
P_user_157,YWRtaW46OlBhc3NAMTIzJA==
P_user_158,YWRtaW46OlBhc3NAMTIzJA==
P_user_159,YWRtaW46OlBhc3NAMTIzJA==
P_user_160,YWRtaW46OlBhc3NAMTIzJA==
P_user_161,YWRtaW46OlBhc3NAMTIzJA==
P_user_162,YWRtaW46OlBhc3NAMTIzJA==
P_user_163,YWRtaW46OlBhc3NAMTIzJA==
P_user_164,YWRtaW46OlBhc3NAMTIzJA==
P_user_165,YWRtaW46OlBhc3NAMTIzJA==
P_user_166,YWRtaW46OlBhc3NAMTIzJA==
P_user_167,YWRtaW46OlBhc3NAMTIzJA==
P_user_168,YWRtaW46OlBhc3NAMTIzJA==
P_user_169,YWRtaW46OlBhc3NAMTIzJA==
P_user_170,YWRtaW46OlBhc3NAMTIzJA==
P_user_171,YWRtaW46OlBhc3NAMTIzJA==
P_user_172,YWRtaW46OlBhc3NAMTIzJA==
P_user_173,YWRtaW46OlBhc3NAMTIzJA==
P_user_174,YWRtaW46OlBhc3NAMTIzJA==
P_user_175,YWRtaW46OlBhc3NAMTIzJA==
P_user_176,YWRtaW46OlBhc3NAMTIzJA==
P_user_177,YWRtaW46OlBhc3NAMTIzJA==
P_user_178,YWRtaW46OlBhc3NAMTIzJA==
P_user_179,YWRtaW46OlBhc3NAMTIzJA==
P_user_180,YWRtaW46OlBhc3NAMTIzJA==
P_user_181,YWRtaW46OlBhc3NAMTIzJA==
P_user_182,YWRtaW46OlBhc3NAMTIzJA==
P_user_183,YWRtaW46OlBhc3NAMTIzJA==
P_user_184,YWRtaW46OlBhc3NAMTIzJA==
P_user_185,YWRtaW46OlBhc3NAMTIzJA==
P_user_186,YWRtaW46OlBhc3NAMTIzJA==
P_user_187,YWRtaW46OlBhc3NAMTIzJA==
P_user_188,YWRtaW46OlBhc3NAMTIzJA==
P_user_189,YWRtaW46OlBhc3NAMTIzJA==
P_user_190,YWRtaW46OlBhc3NAMTIzJA==
P_user_191,YWRtaW46OlBhc3NAMTIzJA==
P_user_192,YWRtaW46OlBhc3NAMTIzJA==
P_user_193,YWRtaW46OlBhc3NAMTIzJA==
P_user_194,YWRtaW46OlBhc3NAMTIzJA==
P_user_195,YWRtaW46OlBhc3NAMTIzJA==
P_user_196,YWRtaW46OlBhc3NAMTIzJA==
P_user_197,YWRtaW46OlBhc3NAMTIzJA==
P_user_198,YWRtaW46OlBhc3NAMTIzJA==
P_user_199,YWRtaW46OlBhc3NAMTIzJA==
P_user_200,YWRtaW46OlBhc3NAMTIzJA==
P_user_201,YWRtaW46OlBhc3NAMTIzJA==
P_user_202,YWRtaW46OlBhc3NAMTIzJA==
P_user_203,YWRtaW46OlBhc3NAMTIzJA==
P_user_204,YWRtaW46OlBhc3NAMTIzJA==
P_user_205,YWRtaW46OlBhc3NAMTIzJA==
P_user_206,YWRtaW46OlBhc3NAMTIzJA==
P_user_207,YWRtaW46OlBhc3NAMTIzJA==
P_user_208,YWRtaW46OlBhc3NAMTIzJA==
P_user_209,YWRtaW46OlBhc3NAMTIzJA==
P_user_210,YWRtaW46OlBhc3NAMTIzJA==
P_user_211,YWRtaW46OlBhc3NAMTIzJA==
P_user_212,YWRtaW46OlBhc3NAMTIzJA==
P_user_213,YWRtaW46OlBhc3NAMTIzJA==
P_user_214,YWRtaW46OlBhc3NAMTIzJA==
P_user_215,YWRtaW46OlBhc3NAMTIzJA==
P_user_216,YWRtaW46OlBhc3NAMTIzJA==
P_user_217,YWRtaW46OlBhc3NAMTIzJA==
P_user_218,YWRtaW46OlBhc3NAMTIzJA==
P_user_219,YWRtaW46OlBhc3NAMTIzJA==
P_user_220,YWRtaW46OlBhc3NAMTIzJA==
P_user_221,YWRtaW46OlBhc3NAMTIzJA==
P_user_222,YWRtaW46OlBhc3NAMTIzJA==
P_user_223,YWRtaW46OlBhc3NAMTIzJA==
P_user_224,YWRtaW46OlBhc3NAMTIzJA==
P_user_225,YWRtaW46OlBhc3NAMTIzJA==
P_user_226,YWRtaW46OlBhc3NAMTIzJA==
P_user_227,YWRtaW46OlBhc3NAMTIzJA==
P_user_228,YWRtaW46OlBhc3NAMTIzJA==
P_user_229,YWRtaW46OlBhc3NAMTIzJA==
P_user_230,YWRtaW46OlBhc3NAMTIzJA==
P_user_231,YWRtaW46OlBhc3NAMTIzJA==
P_user_232,YWRtaW46OlBhc3NAMTIzJA==
P_user_233,YWRtaW46OlBhc3NAMTIzJA==
P_user_234,YWRtaW46OlBhc3NAMTIzJA==
P_user_235,YWRtaW46OlBhc3NAMTIzJA==
P_user_236,YWRtaW46OlBhc3NAMTIzJA==
P_user_237,YWRtaW46OlBhc3NAMTIzJA==
P_user_238,YWRtaW46OlBhc3NAMTIzJA==
P_user_239,YWRtaW46OlBhc3NAMTIzJA==
P_user_240,YWRtaW46OlBhc3NAMTIzJA==
P_user_241,YWRtaW46OlBhc3NAMTIzJA==
P_user_242,YWRtaW46OlBhc3NAMTIzJA==
P_user_243,YWRtaW46OlBhc3NAMTIzJA==
P_user_244,YWRtaW46OlBhc3NAMTIzJA==
P_user_245,YWRtaW46OlBhc3NAMTIzJA==
P_user_246,YWRtaW46OlBhc3NAMTIzJA==
P_user_247,YWRtaW46OlBhc3NAMTIzJA==
P_user_248,YWRtaW46OlBhc3NAMTIzJA==
P_user_249,YWRtaW46OlBhc3NAMTIzJA==
P_user_250,YWRtaW46OlBhc3NAMTIzJA==
P_user_251,YWRtaW46OlBhc3NAMTIzJA==
P_user_252,YWRtaW46OlBhc3NAMTIzJA==
P_user_253,YWRtaW46OlBhc3NAMTIzJA==
P_user_254,YWRtaW46OlBhc3NAMTIzJA==
P_user_255,YWRtaW46OlBhc3NAMTIzJA==
P_user_256,YWRtaW46OlBhc3NAMTIzJA==
P_user_257,YWRtaW46OlBhc3NAMTIzJA==
P_user_258,YWRtaW46OlBhc3NAMTIzJA==
P_user_259,YWRtaW46OlBhc3NAMTIzJA==
P_user_260,YWRtaW46OlBhc3NAMTIzJA==
P_user_261,YWRtaW46OlBhc3NAMTIzJA==
P_user_262,YWRtaW46OlBhc3NAMTIzJA==
P_user_263,YWRtaW46OlBhc3NAMTIzJA==
P_user_264,YWRtaW46OlBhc3NAMTIzJA==
P_user_265,YWRtaW46OlBhc3NAMTIzJA==
P_user_266,YWRtaW46OlBhc3NAMTIzJA==
P_user_267,YWRtaW46OlBhc3NAMTIzJA==
P_user_268,YWRtaW46OlBhc3NAMTIzJA==
P_user_269,YWRtaW46OlBhc3NAMTIzJA==
P_user_270,YWRtaW46OlBhc3NAMTIzJA==
P_user_271,YWRtaW46OlBhc3NAMTIzJA==
P_user_272,YWRtaW46OlBhc3NAMTIzJA==
P_user_273,YWRtaW46OlBhc3NAMTIzJA==
P_user_274,YWRtaW46OlBhc3NAMTIzJA==
P_user_275,YWRtaW46OlBhc3NAMTIzJA==
P_user_276,YWRtaW46OlBhc3NAMTIzJA==
P_user_277,YWRtaW46OlBhc3NAMTIzJA==
P_user_278,YWRtaW46OlBhc3NAMTIzJA==
P_user_279,YWRtaW46OlBhc3NAMTIzJA==
P_user_280,YWRtaW46OlBhc3NAMTIzJA==
P_user_281,YWRtaW46OlBhc3NAMTIzJA==
P_user_282,YWRtaW46OlBhc3NAMTIzJA==
P_user_283,YWRtaW46OlBhc3NAMTIzJA==
P_user_284,YWRtaW46OlBhc3NAMTIzJA==
P_user_285,YWRtaW46OlBhc3NAMTIzJA==
P_user_286,YWRtaW46OlBhc3NAMTIzJA==
P_user_287,YWRtaW46OlBhc3NAMTIzJA==
P_user_288,YWRtaW46OlBhc3NAMTIzJA==
P_user_289,YWRtaW46OlBhc3NAMTIzJA==
P_user_290,YWRtaW46OlBhc3NAMTIzJA==
P_user_291,YWRtaW46OlBhc3NAMTIzJA==
P_user_292,YWRtaW46OlBhc3NAMTIzJA==
P_user_293,YWRtaW46OlBhc3NAMTIzJA==
P_user_294,YWRtaW46OlBhc3NAMTIzJA==
P_user_295,YWRtaW46OlBhc3NAMTIzJA==
P_user_296,YWRtaW46OlBhc3NAMTIzJA==
P_user_297,YWRtaW46OlBhc3NAMTIzJA==
P_user_298,YWRtaW46OlBhc3NAMTIzJA==
P_user_299,YWRtaW46OlBhc3NAMTIzJA==
P_user_300,YWRtaW46OlBhc3NAMTIzJA==
P_user_301,YWRtaW46OlBhc3NAMTIzJA==
P_user_302,YWRtaW46OlBhc3NAMTIzJA==
P_user_303,YWRtaW46OlBhc3NAMTIzJA==
P_user_304,YWRtaW46OlBhc3NAMTIzJA==
P_user_305,YWRtaW46OlBhc3NAMTIzJA==
P_user_306,YWRtaW46OlBhc3NAMTIzJA==
P_user_307,YWRtaW46OlBhc3NAMTIzJA==
P_user_308,YWRtaW46OlBhc3NAMTIzJA==
P_user_309,YWRtaW46OlBhc3NAMTIzJA==
P_user_310,YWRtaW46OlBhc3NAMTIzJA==
P_user_311,YWRtaW46OlBhc3NAMTIzJA==
P_user_312,YWRtaW46OlBhc3NAMTIzJA==
P_user_313,YWRtaW46OlBhc3NAMTIzJA==
P_user_314,YWRtaW46OlBhc3NAMTIzJA==
P_user_315,YWRtaW46OlBhc3NAMTIzJA==
P_user_316,YWRtaW46OlBhc3NAMTIzJA==
P_user_317,YWRtaW46OlBhc3NAMTIzJA==
P_user_318,YWRtaW46OlBhc3NAMTIzJA==
P_user_319,YWRtaW46OlBhc3NAMTIzJA==
P_user_320,YWRtaW46OlBhc3NAMTIzJA==
P_user_321,YWRtaW46OlBhc3NAMTIzJA==
P_user_322,YWRtaW46OlBhc3NAMTIzJA==
P_user_323,YWRtaW46OlBhc3NAMTIzJA==
P_user_324,YWRtaW46OlBhc3NAMTIzJA==
P_user_325,YWRtaW46OlBhc3NAMTIzJA==
P_user_326,YWRtaW46OlBhc3NAMTIzJA==
P_user_327,YWRtaW46OlBhc3NAMTIzJA==
P_user_328,YWRtaW46OlBhc3NAMTIzJA==
P_user_329,YWRtaW46OlBhc3NAMTIzJA==
P_user_330,YWRtaW46OlBhc3NAMTIzJA==
P_user_331,YWRtaW46OlBhc3NAMTIzJA==
P_user_332,YWRtaW46OlBhc3NAMTIzJA==
P_user_333,YWRtaW46OlBhc3NAMTIzJA==
P_user_334,YWRtaW46OlBhc3NAMTIzJA==
P_user_335,YWRtaW46OlBhc3NAMTIzJA==
P_user_336,YWRtaW46OlBhc3NAMTIzJA==
P_user_337,YWRtaW46OlBhc3NAMTIzJA==
P_user_338,YWRtaW46OlBhc3NAMTIzJA==
P_user_339,YWRtaW46OlBhc3NAMTIzJA==
P_user_340,YWRtaW46OlBhc3NAMTIzJA==
P_user_341,YWRtaW46OlBhc3NAMTIzJA==
P_user_342,YWRtaW46OlBhc3NAMTIzJA==
P_user_343,YWRtaW46OlBhc3NAMTIzJA==
P_user_344,YWRtaW46OlBhc3NAMTIzJA==
P_user_345,YWRtaW46OlBhc3NAMTIzJA==
P_user_346,YWRtaW46OlBhc3NAMTIzJA==
P_user_347,YWRtaW46OlBhc3NAMTIzJA==
P_user_348,YWRtaW46OlBhc3NAMTIzJA==
P_user_349,YWRtaW46OlBhc3NAMTIzJA==
P_user_350,YWRtaW46OlBhc3NAMTIzJA==
P_user_351,YWRtaW46OlBhc3NAMTIzJA==
P_user_352,YWRtaW46OlBhc3NAMTIzJA==
P_user_353,YWRtaW46OlBhc3NAMTIzJA==
P_user_354,YWRtaW46OlBhc3NAMTIzJA==
P_user_355,YWRtaW46OlBhc3NAMTIzJA==
P_user_356,YWRtaW46OlBhc3NAMTIzJA==
P_user_357,YWRtaW46OlBhc3NAMTIzJA==
P_user_358,YWRtaW46OlBhc3NAMTIzJA==
P_user_359,YWRtaW46OlBhc3NAMTIzJA==
P_user_360,YWRtaW46OlBhc3NAMTIzJA==
P_user_361,YWRtaW46OlBhc3NAMTIzJA==
P_user_362,YWRtaW46OlBhc3NAMTIzJA==
P_user_363,YWRtaW46OlBhc3NAMTIzJA==
P_user_364,YWRtaW46OlBhc3NAMTIzJA==
P_user_365,YWRtaW46OlBhc3NAMTIzJA==
P_user_366,YWRtaW46OlBhc3NAMTIzJA==
P_user_367,YWRtaW46OlBhc3NAMTIzJA==
P_user_368,YWRtaW46OlBhc3NAMTIzJA==
P_user_369,YWRtaW46OlBhc3NAMTIzJA==
P_user_370,YWRtaW46OlBhc3NAMTIzJA==
P_user_371,YWRtaW46OlBhc3NAMTIzJA==
P_user_372,YWRtaW46OlBhc3NAMTIzJA==
P_user_373,YWRtaW46OlBhc3NAMTIzJA==
P_user_374,YWRtaW46OlBhc3NAMTIzJA==
P_user_375,YWRtaW46OlBhc3NAMTIzJA==
P_user_376,YWRtaW46OlBhc3NAMTIzJA==
P_user_377,YWRtaW46OlBhc3NAMTIzJA==
P_user_378,YWRtaW46OlBhc3NAMTIzJA==
P_user_379,YWRtaW46OlBhc3NAMTIzJA==
P_user_380,YWRtaW46OlBhc3NAMTIzJA==
P_user_381,YWRtaW46OlBhc3NAMTIzJA==
P_user_382,YWRtaW46OlBhc3NAMTIzJA==
P_user_383,YWRtaW46OlBhc3NAMTIzJA==
P_user_384,YWRtaW46OlBhc3NAMTIzJA==
P_user_385,YWRtaW46OlBhc3NAMTIzJA==
P_user_386,YWRtaW46OlBhc3NAMTIzJA==
P_user_387,YWRtaW46OlBhc3NAMTIzJA==
P_user_388,YWRtaW46OlBhc3NAMTIzJA==
P_user_389,YWRtaW46OlBhc3NAMTIzJA==
P_user_390,YWRtaW46OlBhc3NAMTIzJA==
P_user_391,YWRtaW46OlBhc3NAMTIzJA==
P_user_392,YWRtaW46OlBhc3NAMTIzJA==
P_user_393,YWRtaW46OlBhc3NAMTIzJA==
P_user_394,YWRtaW46OlBhc3NAMTIzJA==
P_user_395,YWRtaW46OlBhc3NAMTIzJA==
P_user_396,YWRtaW46OlBhc3NAMTIzJA==
P_user_397,YWRtaW46OlBhc3NAMTIzJA==
P_user_398,YWRtaW46OlBhc3NAMTIzJA==
P_user_399,YWRtaW46OlBhc3NAMTIzJA==
P_user_400,YWRtaW46OlBhc3NAMTIzJA==
P_user_401,YWRtaW46OlBhc3NAMTIzJA==
P_user_402,YWRtaW46OlBhc3NAMTIzJA==
P_user_403,YWRtaW46OlBhc3NAMTIzJA==
P_user_404,YWRtaW46OlBhc3NAMTIzJA==
P_user_405,YWRtaW46OlBhc3NAMTIzJA==
P_user_406,YWRtaW46OlBhc3NAMTIzJA==
P_user_407,YWRtaW46OlBhc3NAMTIzJA==
P_user_408,YWRtaW46OlBhc3NAMTIzJA==
P_user_409,YWRtaW46OlBhc3NAMTIzJA==
P_user_410,YWRtaW46OlBhc3NAMTIzJA==
P_user_411,YWRtaW46OlBhc3NAMTIzJA==
P_user_412,YWRtaW46OlBhc3NAMTIzJA==
P_user_413,YWRtaW46OlBhc3NAMTIzJA==
P_user_414,YWRtaW46OlBhc3NAMTIzJA==
P_user_415,YWRtaW46OlBhc3NAMTIzJA==
P_user_416,YWRtaW46OlBhc3NAMTIzJA==
P_user_417,YWRtaW46OlBhc3NAMTIzJA==
P_user_418,YWRtaW46OlBhc3NAMTIzJA==
P_user_419,YWRtaW46OlBhc3NAMTIzJA==
P_user_420,YWRtaW46OlBhc3NAMTIzJA==
P_user_421,YWRtaW46OlBhc3NAMTIzJA==
P_user_422,YWRtaW46OlBhc3NAMTIzJA==
P_user_423,YWRtaW46OlBhc3NAMTIzJA==
P_user_424,YWRtaW46OlBhc3NAMTIzJA==
P_user_425,YWRtaW46OlBhc3NAMTIzJA==
P_user_426,YWRtaW46OlBhc3NAMTIzJA==
P_user_427,YWRtaW46OlBhc3NAMTIzJA==
P_user_428,YWRtaW46OlBhc3NAMTIzJA==
P_user_429,YWRtaW46OlBhc3NAMTIzJA==
P_user_430,YWRtaW46OlBhc3NAMTIzJA==
P_user_431,YWRtaW46OlBhc3NAMTIzJA==
P_user_432,YWRtaW46OlBhc3NAMTIzJA==
P_user_433,YWRtaW46OlBhc3NAMTIzJA==
P_user_434,YWRtaW46OlBhc3NAMTIzJA==
P_user_435,YWRtaW46OlBhc3NAMTIzJA==
P_user_436,YWRtaW46OlBhc3NAMTIzJA==
P_user_437,YWRtaW46OlBhc3NAMTIzJA==
P_user_438,YWRtaW46OlBhc3NAMTIzJA==
P_user_439,YWRtaW46OlBhc3NAMTIzJA==
P_user_440,YWRtaW46OlBhc3NAMTIzJA==
P_user_441,YWRtaW46OlBhc3NAMTIzJA==
P_user_442,YWRtaW46OlBhc3NAMTIzJA==
P_user_443,YWRtaW46OlBhc3NAMTIzJA==
P_user_444,YWRtaW46OlBhc3NAMTIzJA==
P_user_445,YWRtaW46OlBhc3NAMTIzJA==
P_user_446,YWRtaW46OlBhc3NAMTIzJA==
P_user_447,YWRtaW46OlBhc3NAMTIzJA==
P_user_448,YWRtaW46OlBhc3NAMTIzJA==
P_user_449,YWRtaW46OlBhc3NAMTIzJA==
P_user_450,YWRtaW46OlBhc3NAMTIzJA==
P_user_451,YWRtaW46OlBhc3NAMTIzJA==
P_user_452,YWRtaW46OlBhc3NAMTIzJA==
P_user_453,YWRtaW46OlBhc3NAMTIzJA==
P_user_454,YWRtaW46OlBhc3NAMTIzJA==
P_user_455,YWRtaW46OlBhc3NAMTIzJA==
P_user_456,YWRtaW46OlBhc3NAMTIzJA==
P_user_457,YWRtaW46OlBhc3NAMTIzJA==
P_user_458,YWRtaW46OlBhc3NAMTIzJA==
P_user_459,YWRtaW46OlBhc3NAMTIzJA==
P_user_460,YWRtaW46OlBhc3NAMTIzJA==
P_user_461,YWRtaW46OlBhc3NAMTIzJA==
P_user_462,YWRtaW46OlBhc3NAMTIzJA==
P_user_463,YWRtaW46OlBhc3NAMTIzJA==
P_user_464,YWRtaW46OlBhc3NAMTIzJA==
P_user_465,YWRtaW46OlBhc3NAMTIzJA==
P_user_466,YWRtaW46OlBhc3NAMTIzJA==
P_user_467,YWRtaW46OlBhc3NAMTIzJA==
P_user_468,YWRtaW46OlBhc3NAMTIzJA==
P_user_469,YWRtaW46OlBhc3NAMTIzJA==
P_user_470,YWRtaW46OlBhc3NAMTIzJA==
P_user_471,YWRtaW46OlBhc3NAMTIzJA==
P_user_472,YWRtaW46OlBhc3NAMTIzJA==
P_user_473,YWRtaW46OlBhc3NAMTIzJA==
P_user_474,YWRtaW46OlBhc3NAMTIzJA==
P_user_475,YWRtaW46OlBhc3NAMTIzJA==
P_user_476,YWRtaW46OlBhc3NAMTIzJA==
P_user_477,YWRtaW46OlBhc3NAMTIzJA==
P_user_478,YWRtaW46OlBhc3NAMTIzJA==
P_user_479,YWRtaW46OlBhc3NAMTIzJA==
P_user_480,YWRtaW46OlBhc3NAMTIzJA==
P_user_481,YWRtaW46OlBhc3NAMTIzJA==
P_user_482,YWRtaW46OlBhc3NAMTIzJA==
P_user_483,YWRtaW46OlBhc3NAMTIzJA==
P_user_484,YWRtaW46OlBhc3NAMTIzJA==
P_user_485,YWRtaW46OlBhc3NAMTIzJA==
P_user_486,YWRtaW46OlBhc3NAMTIzJA==
P_user_487,YWRtaW46OlBhc3NAMTIzJA==
P_user_488,YWRtaW46OlBhc3NAMTIzJA==
P_user_489,YWRtaW46OlBhc3NAMTIzJA==
P_user_490,YWRtaW46OlBhc3NAMTIzJA==
P_user_491,YWRtaW46OlBhc3NAMTIzJA==
P_user_492,YWRtaW46OlBhc3NAMTIzJA==
P_user_493,YWRtaW46OlBhc3NAMTIzJA==
P_user_494,YWRtaW46OlBhc3NAMTIzJA==
P_user_495,YWRtaW46OlBhc3NAMTIzJA==
P_user_496,YWRtaW46OlBhc3NAMTIzJA==
P_user_497,YWRtaW46OlBhc3NAMTIzJA==
P_user_498,YWRtaW46OlBhc3NAMTIzJA==
P_user_499,YWRtaW46OlBhc3NAMTIzJA==
P_user_500,YWRtaW46OlBhc3NAMTIzJA==